name,niche,city,phone,address,rating,reviews,website,website_bucket,maps_url,lead_score
Save More Roofing Ltd,roofing contractor,Surrey BC,(778) 892-1266,"14328 84a Ave, Surrey, BC V3W 0Z9, Canada",4.7,69,,none,https://maps.google.com/?cid=10210095098736498334&g_mp=Cidnb29nbGUubWFwcy5wbGFjZXMudjEuUGxhY2VzLlNlYXJjaFRleHQQAhgEIAA,81
Skylight Electric Ltd .,electrician,Richmond BC,(604) 500-5193,"1275 Pacific St #707, Vancouver, BC V6E 1T6, Canada",4.9,154,,none,https://maps.google.com/?cid=13807193569811914824&g_mp=Cidnb29nbGUubWFwcy5wbGFjZXMudjEuUGxhY2VzLlNlYXJjaFRleHQQAhgEIAA,80
Alpha 1 Automotive,auto repair shop,Burnaby BC,(604) 376-2653,"7161 Randolph Ave, Burnaby, BC V5J 4W5, Canada",4.9,236,https://www.facebook.com/alpha1automotive,social_only,https://maps.google.com/?cid=2240216814572546065&g_mp=Cidnb29nbGUubWFwcy5wbGFjZXMudjEuUGxhY2VzLlNlYXJjaFRleHQQAhgEIAA,80
Venus Electro Mechanic ltd,electrician,Burnaby BC,(604) 291-6469,"3810 1st Ave, Burnaby, BC V5C 3W1, Canada",4.3,148,,none,https://maps.google.com/?cid=8634533674352603931&g_mp=Cidnb29nbGUubWFwcy5wbGFjZXMudjEuUGxhY2VzLlNlYXJjaFRleHQQAhgEIAA,79
Ridgemark Roofing Of Vancouver,roofing contractor,Richmond BC,(778) 562-8002,"1285 W Broadway #478, Vancouver, BC V6H 3X8, Canada",5,45,,none,https://maps.google.com/?cid=9761792231270909732&g_mp=Cidnb29nbGUubWFwcy5wbGFjZXMudjEuUGxhY2VzLlNlYXJjaFRleHQQAhgEIAA,79
Matins plumbing,plumber,Coquitlam BC,(604) 780-8047,"2488 Austin Ave, Coquitlam, BC V3K 3S1, Canada",5,80,https://sites.google.com/view/matins-plumbing/home?authuser=1,social_only,https://maps.google.com/?cid=17140782592055047681&g_mp=Cidnb29nbGUubWFwcy5wbGFjZXMudjEuUGxhY2VzLlNlYXJjaFRleHQQAhgEIAA,78
Noor roofing,roofing contractor,Surrey BC,(604) 710-5301,"10278 124 St, Surrey, BC V3V 4T3, Canada",5,18,,none,https://maps.google.com/?cid=5619750556088394399&g_mp=Cidnb29nbGUubWFwcy5wbGFjZXMudjEuUGxhY2VzLlNlYXJjaFRleHQQAhgEIAA,76
Moody Roofing & Repairs,roofing contractor,Coquitlam BC,(604) 690-2079,"290 Newport Dr #290, Port Moody, BC V3H 2L6, Canada",5,17,,none,https://maps.google.com/?cid=15604900965074673387&g_mp=Cidnb29nbGUubWFwcy5wbGFjZXMudjEuUGxhY2VzLlNlYXJjaFRleHQQAhgEIAA,76
Skyline construction inc,roofing contractor,Delta BC,(604) 671-7141,"11036 84 Ave, Delta, BC V4C 2L7, Canada",5,18,,none,https://maps.google.com/?cid=7360596109204540764&g_mp=Cidnb29nbGUubWFwcy5wbGFjZXMudjEuUGxhY2VzLlNlYXJjaFRleHQQAhgEIAA,76
BC HighLight Electric,electrician,Coquitlam BC,(604) 225-4448,"552 Clarke Rd #327, Coquitlam, BC V3J 3X5, Canada",4.8,118,,none,https://maps.google.com/?cid=1956215899407868231&g_mp=Cidnb29nbGUubWFwcy5wbGFjZXMudjEuUGxhY2VzLlNlYXJjaFRleHQQAhgEIAA,76
Sukh Auto Repair Ltd.,auto repair shop,Surrey BC,(604) 728-5184,"8564 123 St. Unit 101 102, Surrey, BC V3W 3V6, Canada",5,236,,none,https://maps.google.com/?cid=7633447096561161021&g_mp=Cidnb29nbGUubWFwcy5wbGFjZXMudjEuUGxhY2VzLlNlYXJjaFRleHQQAhgEIAA,75
Value Auto Repair & Tire,auto repair shop,Surrey BC,(778) 697-1629,"12312 82a Ave, Surrey, BC V3W 0T7, Canada",4.9,441,,none,https://maps.google.com/?cid=9561369444153252341&g_mp=Cidnb29nbGUubWFwcy5wbGFjZXMudjEuUGxhY2VzLlNlYXJjaFRleHQQAhgEIAA,75
SNJ Automotive Repair Shop,auto repair shop,Surrey BC,(778) 565-7200,"13463 78 Ave #106, Surrey, BC V3W 2Y3, Canada",4.8,416,,none,https://maps.google.com/?cid=12300215411827274100&g_mp=Cidnb29nbGUubWFwcy5wbGFjZXMudjEuUGxhY2VzLlNlYXJjaFRleHQQAhgEIAA,75
All Make Auto Repair Ltd,auto repair shop,Surrey BC,(604) 597-6666,"7835 132 St, Surrey, BC V3W 4M8, Canada",4.5,319,,none,https://maps.google.com/?cid=5477488261838131270&g_mp=Cidnb29nbGUubWFwcy5wbGFjZXMudjEuUGxhY2VzLlNlYXJjaFRleHQQAhgEIAA,75
Eurostar Auto Repairs,auto repair shop,Surrey BC,(604) 593-5353,"7711 128 St #17, Surrey, BC V3W 4E6, Canada",4.1,309,,none,https://maps.google.com/?cid=6827617315597906767&g_mp=Cidnb29nbGUubWFwcy5wbGFjZXMudjEuUGxhY2VzLlNlYXJjaFRleHQQAhgEIAA,75
Surrey Delta Auto Repair & Muffler Ltd,auto repair shop,Surrey BC,(778) 522-5300,"14722 64 Ave Unit 12, Surrey, BC V3S 1X7, Canada",4.5,237,,none,https://maps.google.com/?cid=9929305782666309958&g_mp=Cidnb29nbGUubWFwcy5wbGFjZXMudjEuUGxhY2VzLlNlYXJjaFRleHQQAhgEIAA,75
H & H AUTO CARE and TIRES,auto repair shop,Surrey BC,(778) 889-4011,"12465 82 Ave Unit#106, Surrey, BC V3W 3E8, Canada",5,339,,none,https://maps.google.com/?cid=18195299733595873125&g_mp=Cidnb29nbGUubWFwcy5wbGFjZXMudjEuUGxhY2VzLlNlYXJjaFRleHQQAhgEIAA,75
Thandi Auto,auto repair shop,Surrey BC,(604) 503-0713,"12383 83a Ave, Surrey, BC V3W 9Y7, Canada",4.5,320,,none,https://maps.google.com/?cid=10187743644275397002&g_mp=Cidnb29nbGUubWFwcy5wbGFjZXMudjEuUGxhY2VzLlNlYXJjaFRleHQQAhgEIAA,75
Mo's Garage Ltd,auto repair shop,Burnaby BC,(604) 687-6646,"3855 Douglas Rd #2, Burnaby, BC V5G 3P8, Canada",4.9,230,,none,https://maps.google.com/?cid=14109842707782903061&g_mp=Cidnb29nbGUubWFwcy5wbGFjZXMudjEuUGxhY2VzLlNlYXJjaFRleHQQAhgEIAA,75
Top Shaw Auto Repair,auto repair shop,Coquitlam BC,(604) 720-3331,"1865 McLean Ave, Port Coquitlam, BC V3C 1N1, Canada",4.6,312,,none,https://maps.google.com/?cid=18230261177424804438&g_mp=Cidnb29nbGUubWFwcy5wbGFjZXMudjEuUGxhY2VzLlNlYXJjaFRleHQQAhgEIAA,75
Car Talk Auto Repair Ltd.,auto repair shop,Coquitlam BC,(604) 552-4987,"1515 Broadway St #602, Port Coquitlam, BC V3C 6M2, Canada",4.9,250,,none,https://maps.google.com/?cid=9083878820835501511&g_mp=Cidnb29nbGUubWFwcy5wbGFjZXMudjEuUGxhY2VzLlNlYXJjaFRleHQQAhgEIAA,75
EZ4U Auto Care,auto repair shop,Richmond BC,(778) 836-6816,"5400 Minoru Blvd #180, Richmond, BC V6X 2A9, Canada",4.9,376,,none,https://maps.google.com/?cid=17256530939435418580&g_mp=Cidnb29nbGUubWFwcy5wbGFjZXMudjEuUGxhY2VzLlNlYXJjaFRleHQQAhgEIAA,75
Crown Tech Automotive,auto repair shop,North Vancouver BC,(604) 980-9489,"1418 Crown St, North Vancouver, BC V7J 1G5, Canada",4.7,221,,none,https://maps.google.com/?cid=5447017163792810636&g_mp=Cidnb29nbGUubWFwcy5wbGFjZXMudjEuUGxhY2VzLlNlYXJjaFRleHQQAhgEIAA,75
Marci Automotive LTD,auto repair shop,North Vancouver BC,(604) 986-3500,"228 MacKay Rd, North Vancouver, BC V7P 3H4, Canada",4.9,263,,none,https://maps.google.com/?cid=13192845094311890007&g_mp=Cidnb29nbGUubWFwcy5wbGFjZXMudjEuUGxhY2VzLlNlYXJjaFRleHQQAhgEIAA,75
Z&R Automotive LTD,auto repair shop,Surrey BC,(604) 696-7440,"6468 King George Blvd #05, Surrey, BC V3W 4Z3, Canada",4.8,190,,none,https://maps.google.com/?cid=6594189758510398736&g_mp=Cidnb29nbGUubWFwcy5wbGFjZXMudjEuUGxhY2VzLlNlYXJjaFRleHQQAhgEIAA,74
MR1 AUTOMOTIVE,auto repair shop,Burnaby BC,(604) 205-9128,"6941 Hastings St, Burnaby, BC V5B 1S9, Canada",4.8,197,,none,https://maps.google.com/?cid=6612800924583868980&g_mp=Cidnb29nbGUubWFwcy5wbGFjZXMudjEuUGxhY2VzLlNlYXJjaFRleHQQAhgEIAA,74
Pemberton Auto Services Ltd,auto repair shop,North Vancouver BC,(604) 987-0022,"1110 15th St W, North Vancouver, BC V7P 1M9, Canada",4.9,190,,none,https://maps.google.com/?cid=12067026105458237707&g_mp=Cidnb29nbGUubWFwcy5wbGFjZXMudjEuUGxhY2VzLlNlYXJjaFRleHQQAhgEIAA,74
Euro Otto Sport Inc,auto repair shop,Coquitlam BC,(604) 941-1466,"1610 Langan Ave #4, Port Coquitlam, BC V3C 1K5, Canada",4.9,196,,none,https://maps.google.com/?cid=5421281329920779673&g_mp=Cidnb29nbGUubWFwcy5wbGFjZXMudjEuUGxhY2VzLlNlYXJjaFRleHQQAhgEIAA,74
Quick Fix Auto Limited,auto repair shop,Delta BC,(604) 441-4006,"8655 Cambie St. Unit 3, Vancouver, BC V6P 3J9, Canada",4.1,197,,none,https://maps.google.com/?cid=8865885582765904873&g_mp=Cidnb29nbGUubWFwcy5wbGFjZXMudjEuUGxhY2VzLlNlYXJjaFRleHQQAhgEIAA,74
Colin's Auto Electric Ltd,electrician,Richmond BC,(604) 322-1800,"11655 Eburne Way, Richmond, BC V6V 2M1, Canada",4.9,81,,none,https://maps.google.com/?cid=14435234707782114973&g_mp=Cidnb29nbGUubWFwcy5wbGFjZXMudjEuUGxhY2VzLlNlYXJjaFRleHQQAhgEIAA,73
Multi-Tech Electric,electrician,Surrey BC,(604) 613-7474,"14786 67b Ave, Surrey, BC V3S 4P9, Canada",4.9,72,,none,https://maps.google.com/?cid=5593412531253050242&g_mp=Cidnb29nbGUubWFwcy5wbGFjZXMudjEuUGxhY2VzLlNlYXJjaFRleHQQAhgEIAA,72
A.M.S. Electrical Services Ltd.,electrician,Richmond BC,(604) 788-9843,"251 E 7th Ave, Vancouver, BC V5T 0B9, Canada",4.9,77,,none,https://maps.google.com/?cid=4908076348969070602&g_mp=Cidnb29nbGUubWFwcy5wbGFjZXMudjEuUGxhY2VzLlNlYXJjaFRleHQQAhgEIAA,72
G P Auto Repair & Collision,auto repair shop,Surrey BC,(604) 930-0444,"11934 95a Ave, Delta, BC V4C 3W2, Canada",4.8,179,,none,https://maps.google.com/?cid=7342757017955913434&g_mp=Cidnb29nbGUubWFwcy5wbGFjZXMudjEuUGxhY2VzLlNlYXJjaFRleHQQAhgEIAA,72
Newline Auto Repair and Tires,auto repair shop,Surrey BC,(778) 522-3045,"12086 90 Ave unit 101,102, Surrey, BC V3V 1B5, Canada",4.8,173,,none,https://maps.google.com/?cid=11954115791931841972&g_mp=Cidnb29nbGUubWFwcy5wbGFjZXMudjEuUGxhY2VzLlNlYXJjaFRleHQQAhgEIAA,72
Balbir Auto Repairs Ltd.,auto repair shop,Surrey BC,(604) 543-2880,"8247 124 St Unit 7, Surrey, BC V3W 3X9, Canada",4,179,,none,https://maps.google.com/?cid=12805101515667805520&g_mp=Cidnb29nbGUubWFwcy5wbGFjZXMudjEuUGxhY2VzLlNlYXJjaFRleHQQAhgEIAA,72
Supra Auto Repairs,auto repair shop,Surrey BC,(604) 590-2261,"12451 82 Ave, Surrey, BC V3W 3E8, Canada",4.6,170,,none,https://maps.google.com/?cid=18424345917180331340&g_mp=Cidnb29nbGUubWFwcy5wbGFjZXMudjEuUGxhY2VzLlNlYXJjaFRleHQQAhgEIAA,72
128 Auto Service Centre (Since 1996),auto repair shop,Coquitlam BC,(604) 937-3688,"335 North Rd A, Coquitlam, BC V3K 3V8, Canada",4.5,175,,none,https://maps.google.com/?cid=16193437755952866903&g_mp=Cidnb29nbGUubWFwcy5wbGFjZXMudjEuUGxhY2VzLlNlYXJjaFRleHQQAhgEIAA,72
Mike Auto,auto repair shop,Richmond BC,(604) 307-9763,"12440 Vickers Way, Richmond, BC V6V 1H9, Canada",4.7,128,https://www.instagram.com/mike_automobileltd/,social_only,https://maps.google.com/?cid=3708528351139500400&g_mp=Cidnb29nbGUubWFwcy5wbGFjZXMudjEuUGxhY2VzLlNlYXJjaFRleHQQAhgEIAA,72
Chois Auto Repair,auto repair shop,Langley BC,(604) 530-9922,"20271 56 Ave, Langley, BC V3A 3Y6, Canada",4.6,168,,none,https://maps.google.com/?cid=15487360610702638667&g_mp=Cidnb29nbGUubWFwcy5wbGFjZXMudjEuUGxhY2VzLlNlYXJjaFRleHQQAhgEIAA,71
Logan's Blue Mountain Auto,auto repair shop,Coquitlam BC,(604) 521-0305,"287 Schoolhouse St, Coquitlam, BC V3K 4Y1, Canada",4.6,111,https://www.facebook.com/profile.php?id=100067447251206,social_only,https://maps.google.com/?cid=6981020529755804913&g_mp=Cidnb29nbGUubWFwcy5wbGFjZXMudjEuUGxhY2VzLlNlYXJjaFRleHQQAhgEIAA,71
Onyx Plumbing & Heating,plumber,Surrey BC,(778) 926-7416,"7661 147 St, Surrey, BC V3S 3B1, Canada",5,50,,none,https://maps.google.com/?cid=2320864367972465859&g_mp=Cidnb29nbGUubWFwcy5wbGFjZXMudjEuUGxhY2VzLlNlYXJjaFRleHQQAhgEIAA,70
Limitless Mechanical,hvac contractor,Langley BC,(604) 357-7006,"20046 Grade Crescent, Langley, BC V3A 4J4, Canada",5,54,,none,https://maps.google.com/?cid=4134375264989187998&g_mp=Cidnb29nbGUubWFwcy5wbGFjZXMudjEuUGxhY2VzLlNlYXJjaFRleHQQAhgEIAA,70
Main Street Electric,electrician,Burnaby BC,(236) 808-3077,"6070 McMurray Ave, Burnaby, BC V5H 4L4, Canada",5,58,,none,https://maps.google.com/?cid=14669532461807304856&g_mp=Cidnb29nbGUubWFwcy5wbGFjZXMudjEuUGxhY2VzLlNlYXJjaFRleHQQAhgEIAA,70
N & S Canada Electric INC,electrician,Coquitlam BC,(778) 970-0571,"Atlantic Ave, Coquitlam, BC V3B 0B9, Canada",5,52,,none,https://maps.google.com/?cid=15777626860462676777&g_mp=Cidnb29nbGUubWFwcy5wbGFjZXMudjEuUGxhY2VzLlNlYXJjaFRleHQQAhgEIAA,70
SUPREME AUTOMOTIVE,auto repair shop,Surrey BC,(604) 319-6001,"12630 82 Ave, Surrey, BC V3W 3G1, Canada",4.9,150,,none,https://maps.google.com/?cid=9501283939372091053&g_mp=Cidnb29nbGUubWFwcy5wbGFjZXMudjEuUGxhY2VzLlNlYXJjaFRleHQQAhgEIAA,70
Satnam Auto / Stewart L Auto Electronic,auto repair shop,Delta BC,(604) 588-2217,"11935 95a Ave, Delta, BC V4C 3W1, Canada",4.8,151,,none,https://maps.google.com/?cid=2177441607504378407&g_mp=Cidnb29nbGUubWFwcy5wbGFjZXMudjEuUGxhY2VzLlNlYXJjaFRleHQQAhgEIAA,70
Auto Tec Surrey Customs Ltd,auto repair shop,Surrey BC,(604) 507-0408,"16050 Fraser Hwy, Surrey, BC V3S 2W8, Canada",4.1,151,,none,https://maps.google.com/?cid=1879688982852172403&g_mp=Cidnb29nbGUubWFwcy5wbGFjZXMudjEuUGxhY2VzLlNlYXJjaFRleHQQAhgEIAA,70
Al The Plumber Plumbing & Heating Ltd.,plumber,Langley BC,(604) 897-6706,"5100 207b St, Langley, BC V3A 7V3, Canada",5,46,,none,https://maps.google.com/?cid=14612657020198169560&g_mp=Cidnb29nbGUubWFwcy5wbGFjZXMudjEuUGxhY2VzLlNlYXJjaFRleHQQAhgEIAA,69
JKFED Plumbing & Heating LTD.,plumber,Langley BC,(236) 866-6398,"5176 215 St, Langley Twp, BC V3A 5B8, Canada",5,40,,none,https://maps.google.com/?cid=4553295456925165282&g_mp=Cidnb29nbGUubWFwcy5wbGFjZXMudjEuUGxhY2VzLlNlYXJjaFRleHQQAhgEIAA,69
Crestwood Plumbing & Heating,plumber,Richmond BC,(604) 278-9558,"8120 No 2 Rd, Richmond, BC V7C 5J8, Canada",4.9,41,,none,https://maps.google.com/?cid=15111599507385892729&g_mp=Cidnb29nbGUubWFwcy5wbGFjZXMudjEuUGxhY2VzLlNlYXJjaFRleHQQAhgEIAA,69
Dreamville Auto,auto repair shop,Burnaby BC,(604) 442-8265,"6432 Beresford St., Burnaby, BC V5E 1B3, Canada",4.9,140,,none,https://maps.google.com/?cid=103253804763861136&g_mp=Cidnb29nbGUubWFwcy5wbGFjZXMudjEuUGxhY2VzLlNlYXJjaFRleHQQAhgEIAA,69
TLV Auto Ltd,auto repair shop,Burnaby BC,(604) 677-2288,"7289 Curragh Ave, Burnaby, BC V5J 4W1, Canada",4.9,147,,none,https://maps.google.com/?cid=6658926177410063155&g_mp=Cidnb29nbGUubWFwcy5wbGFjZXMudjEuUGxhY2VzLlNlYXJjaFRleHQQAhgEIAA,69
Highgate Auto Repairs,auto repair shop,Burnaby BC,(604) 825-4574,"7212 Gilley Ave, Burnaby, BC V5J 4X3, Canada",4.3,149,,none,https://maps.google.com/?cid=13329068408577760118&g_mp=Cidnb29nbGUubWFwcy5wbGFjZXMudjEuUGxhY2VzLlNlYXJjaFRleHQQAhgEIAA,69
JKR Automotive,auto repair shop,Coquitlam BC,(778) 285-6700,"1680 Kingsway Ave, Port Coquitlam, BC V3C 3Y9, Canada",4.9,147,,none,https://maps.google.com/?cid=5784750886726361007&g_mp=Cidnb29nbGUubWFwcy5wbGFjZXMudjEuUGxhY2VzLlNlYXJjaFRleHQQAhgEIAA,69
Apel Auto Centre Ltd.,auto repair shop,Coquitlam BC,(604) 472-0878,"1495 Apel Dr, Port Coquitlam, BC V3B 3P4, Canada",4.7,149,,none,https://maps.google.com/?cid=1672423752524709183&g_mp=Cidnb29nbGUubWFwcy5wbGFjZXMudjEuUGxhY2VzLlNlYXJjaFRleHQQAhgEIAA,69
ML Autoz,auto repair shop,Coquitlam BC,(604) 461-2211,"2561 Barnet Hwy #3, Coquitlam, BC V3H 1W4, Canada",4.4,142,,none,https://maps.google.com/?cid=6120844628686883576&g_mp=Cidnb29nbGUubWFwcy5wbGFjZXMudjEuUGxhY2VzLlNlYXJjaFRleHQQAhgEIAA,69
Granville Auto Service & Repair,auto repair shop,Richmond BC,(236) 971-3830,"2643 No 5 Rd, Richmond, BC V6X 2S8, Canada",4.5,145,https://museautosport.com/,none,https://maps.google.com/?cid=10244109883891377181&g_mp=Cidnb29nbGUubWFwcy5wbGFjZXMudjEuUGxhY2VzLlNlYXJjaFRleHQQAhgEIAA,69
Maple Leaf Electrical Ltd,electrician,Surrey BC,(778) 522-4000,"14223 68 Ave, Surrey, BC V3W 2H5, Canada",4.9,35,,none,https://maps.google.com/?cid=9398941236234466946&g_mp=Cidnb29nbGUubWFwcy5wbGFjZXMudjEuUGxhY2VzLlNlYXJjaFRleHQQAhgEIAA,68
Sodhi Electrical and Renovations,electrician,Surrey BC,(778) 855-1151,"5931 129a St, Surrey, BC V3X 0C5, Canada",4.8,37,,none,https://maps.google.com/?cid=3042429016582767209&g_mp=Cidnb29nbGUubWFwcy5wbGFjZXMudjEuUGxhY2VzLlNlYXJjaFRleHQQAhgEIAA,68
Ultra Modern Electric,electrician,Surrey BC,(604) 363-1628,"9314 152 St, Surrey, BC V3R 4G2, Canada",5,32,,none,https://maps.google.com/?cid=548894175733707148&g_mp=Cidnb29nbGUubWFwcy5wbGFjZXMudjEuUGxhY2VzLlNlYXJjaFRleHQQAhgEIAA,68
Choice one electric,electrician,Surrey BC,(604) 499-9597,"13909 80b Ave, Surrey, BC V3W 8M2, Canada",4.8,31,,none,https://maps.google.com/?cid=11904214252818141897&g_mp=Cidnb29nbGUubWFwcy5wbGFjZXMudjEuUGxhY2VzLlNlYXJjaFRleHQQAhgEIAA,68
Darcy's Auto Service,auto repair shop,Surrey BC,(604) 599-1223,"12465 82 Ave, Surrey, BC V3W 3E8, Canada",4.4,134,,none,https://maps.google.com/?cid=12446162370975614690&g_mp=Cidnb29nbGUubWFwcy5wbGFjZXMudjEuUGxhY2VzLlNlYXJjaFRleHQQAhgEIAA,68
A D Auto Repair,auto repair shop,Burnaby BC,(604) 419-0795,"7060 Merritt Ave, Burnaby, BC V5J 4R6, Canada",4.9,84,https://www.facebook.com/ADautorepair/,social_only,https://maps.google.com/?cid=986194688833178751&g_mp=Cidnb29nbGUubWFwcy5wbGFjZXMudjEuUGxhY2VzLlNlYXJjaFRleHQQAhgEIAA,68
Sunbright Electrical,electrician,Richmond BC,(778) 389-0652,"6603 Fraser St, Vancouver, BC V5X 3T6, Canada",4.9,30,,none,https://maps.google.com/?cid=1407470379615756228&g_mp=Cidnb29nbGUubWFwcy5wbGFjZXMudjEuUGxhY2VzLlNlYXJjaFRleHQQAhgEIAA,68
EBI CAR CARE,auto repair shop,North Vancouver BC,(604) 980-5917,"1180 15th St W, North Vancouver, BC V7P 2S2, Canada",4.4,131,,none,https://maps.google.com/?cid=11348459795860170460&g_mp=Cidnb29nbGUubWFwcy5wbGFjZXMudjEuUGxhY2VzLlNlYXJjaFRleHQQAhgEIAA,68
CITYWIDE PLUMBING HEATING & DRAIN CLEANING,plumber,Maple Ridge BC,(604) 590-4999,"20071 113b Ave #6, Maple Ridge, BC V2X 0Y6, Canada",4.7,29,,none,https://maps.google.com/?cid=476041644551922994&g_mp=Cidnb29nbGUubWFwcy5wbGFjZXMudjEuUGxhY2VzLlNlYXJjaFRleHQQAhgEIAA,67
SteelStream Plumbers Of North Vancouver,plumber,North Vancouver BC,(778) 200-5810,"117 15th St E #182, North Vancouver, BC V7L 2P7, Canada",5,24,,none,https://maps.google.com/?cid=9738520021784275588&g_mp=Cidnb29nbGUubWFwcy5wbGFjZXMudjEuUGxhY2VzLlNlYXJjaFRleHQQAhgEIAA,67
Seaview Plumbing & Heating,plumber,North Vancouver BC,,"Rivergrove Pl, North Vancouver, BC V7H 2L4, Canada",5,21,,none,https://maps.google.com/?cid=10639343272010221691&g_mp=Cidnb29nbGUubWFwcy5wbGFjZXMudjEuUGxhY2VzLlNlYXJjaFRleHQQAhgEIAA,67
Grewal Air Conditioning Ltd,hvac contractor,Surrey BC,(604) 897-1746,"7878 143a St, Surrey, BC V3W 9W4, Canada",5,21,,none,https://maps.google.com/?cid=7634645759473564421&g_mp=Cidnb29nbGUubWFwcy5wbGFjZXMudjEuUGxhY2VzLlNlYXJjaFRleHQQAhgEIAA,67
Capilano Heating and Air conditioning LTD,hvac contractor,North Vancouver BC,(778) 320-5726,"1959 Marine Dr #1060, North Vancouver, BC V7P 1V6, Canada",4.8,27,,none,https://maps.google.com/?cid=15812363819154424561&g_mp=Cidnb29nbGUubWFwcy5wbGFjZXMudjEuUGxhY2VzLlNlYXJjaFRleHQQAhgEIAA,67
NIRMAL ELECTRICAL LTD.,electrician,Surrey BC,(604) 368-1219,"12858 60 Ave, Surrey, BC V3X 0B9, Canada",5,23,,none,https://maps.google.com/?cid=7161489321114605761&g_mp=Cidnb29nbGUubWFwcy5wbGFjZXMudjEuUGxhY2VzLlNlYXJjaFRleHQQAhgEIAA,67
Jaksid Electric Ltd.,electrician,Langley BC,(604) 825-3264,"21067 80A Ave, Langley Twp, BC V2Y 0J4, Canada",5,20,,none,https://maps.google.com/?cid=2942076477006032011&g_mp=Cidnb29nbGUubWFwcy5wbGFjZXMudjEuUGxhY2VzLlNlYXJjaFRleHQQAhgEIAA,67
EV TEC BC Pros,electrician,Burnaby BC,(778) 891-4005,"6540 Hastings St #722, Burnaby, BC V5B 4Z5, Canada",4.7,26,,none,https://maps.google.com/?cid=12119593048017935478&g_mp=Cidnb29nbGUubWFwcy5wbGFjZXMudjEuUGxhY2VzLlNlYXJjaFRleHQQAhgEIAA,67
Carwest Automotive,auto repair shop,Langley BC,(778) 989-0856,"5778 Production Way #113, Langley, BC V3A 4N4, Canada",4.8,123,,none,https://maps.google.com/?cid=12471166131153502943&g_mp=Cidnb29nbGUubWFwcy5wbGFjZXMudjEuUGxhY2VzLlNlYXJjaFRleHQQAhgEIAA,67
Sall Auto Service Ltd,auto repair shop,Burnaby BC,(604) 435-2077,"5120 Imperial St, Burnaby, BC V5J 1E2, Canada",4.4,125,,none,https://maps.google.com/?cid=9770387801936039912&g_mp=Cidnb29nbGUubWFwcy5wbGFjZXMudjEuUGxhY2VzLlNlYXJjaFRleHQQAhgEIAA,67
Euro Wrench Werks Auto Repairs,auto repair shop,Maple Ridge BC,(604) 465-1203,"20214 Lougheed Hwy, Maple Ridge, BC V2X 2P7, Canada",4.9,128,,none,https://maps.google.com/?cid=8272160032886050605&g_mp=Cidnb29nbGUubWFwcy5wbGFjZXMudjEuUGxhY2VzLlNlYXJjaFRleHQQAhgEIAA,67
AutoVet Pro Mechanic,auto repair shop,North Vancouver BC,(778) 861-3121,"224 Esplanade E, North Vancouver, BC V7L 1B4, Canada",4.8,122,,none,https://maps.google.com/?cid=1506871234823207932&g_mp=Cidnb29nbGUubWFwcy5wbGFjZXMudjEuUGxhY2VzLlNlYXJjaFRleHQQAhgEIAA,67
MDE Electrical Mechanical Contractors Ltd.,electrician,Burnaby BC,(604) 291-1995,"3947 Graveley St, Burnaby, BC V5C 3T4, Canada",4.4,20,,none,https://maps.google.com/?cid=15316071550637479550&g_mp=Cidnb29nbGUubWFwcy5wbGFjZXMudjEuUGxhY2VzLlNlYXJjaFRleHQQAhgEIAA,67
"Flawless Plumbing, Heating & Gas LTD",plumber,Burnaby BC,(604) 729-9193,"6968 Royal Oak Ave #313, Burnaby, BC V5J 4J3, Canada",5,16,,none,https://maps.google.com/?cid=9877436541309126189&g_mp=Cidnb29nbGUubWFwcy5wbGFjZXMudjEuUGxhY2VzLlNlYXJjaFRleHQQAhgEIAA,66
West Tide Plumbing & Heating,hvac contractor,Surrey BC,(604) 442-3021,"11041 131a St, Surrey, BC V3T 3S1, Canada",5,15,,none,https://maps.google.com/?cid=13829865010402563999&g_mp=Cidnb29nbGUubWFwcy5wbGFjZXMudjEuUGxhY2VzLlNlYXJjaFRleHQQAhgEIAA,66
Bright Road Electric Ltd.,electrician,Burnaby BC,(778) 952-0239,"7943 16th Ave, Burnaby, BC V3N 1R4, Canada",5,17,,none,https://maps.google.com/?cid=4539415181282251032&g_mp=Cidnb29nbGUubWFwcy5wbGFjZXMudjEuUGxhY2VzLlNlYXJjaFRleHQQAhgEIAA,66
Sardarji Services Ltd (Mobile Mechanic),auto repair shop,Surrey BC,(604) 767-0710,"12332 78 Ave, Surrey, BC V3W 2X4, Canada",4.9,110,,none,https://maps.google.com/?cid=2961728054636881023&g_mp=Cidnb29nbGUubWFwcy5wbGFjZXMudjEuUGxhY2VzLlNlYXJjaFRleHQQAhgEIAA,66
Jas Auto Repairs Ltd,auto repair shop,Surrey BC,(604) 597-4666,"7823 132 St, Surrey, BC V3W 4M8, Canada",4.2,113,,none,https://maps.google.com/?cid=17992482015082039207&g_mp=Cidnb29nbGUubWFwcy5wbGFjZXMudjEuUGxhY2VzLlNlYXJjaFRleHQQAhgEIAA,66
Carmigo Auto Repair Ltd. 카미고 자동차 정비/타이어,auto repair shop,Langley BC,(604) 427-2771,"6064 196 St, Langley, BC V3A 5X3, Canada",4.4,115,,none,https://maps.google.com/?cid=17122116489364356022&g_mp=Cidnb29nbGUubWFwcy5wbGFjZXMudjEuUGxhY2VzLlNlYXJjaFRleHQQAhgEIAA,66
Joe's Unlimited Imports Auto Repair,auto repair shop,Richmond BC,(604) 273-3309,"8960 River Dr, Richmond, BC V6X 1Y8, Canada",4.9,117,,none,https://maps.google.com/?cid=14326034273535000552&g_mp=Cidnb29nbGUubWFwcy5wbGFjZXMudjEuUGxhY2VzLlNlYXJjaFRleHQQAhgEIAA,66
Barry's Discount Auto,auto repair shop,North Vancouver BC,(604) 984-4334,"235 Pemberton Ave, North Vancouver, BC V7P 2R4, Canada",4.5,118,,none,https://maps.google.com/?cid=9763897783984948242&g_mp=Cidnb29nbGUubWFwcy5wbGFjZXMudjEuUGxhY2VzLlNlYXJjaFRleHQQAhgEIAA,66
Samra Heating And Cooling (HVAC),hvac contractor,Surrey BC,(604) 537-7330,"9318 Prince Charles Blvd, Surrey, BC V3V 1S6, Canada",4.5,15,,none,https://maps.google.com/?cid=1154307435108060323&g_mp=Cidnb29nbGUubWFwcy5wbGFjZXMudjEuUGxhY2VzLlNlYXJjaFRleHQQAhgEIAA,66
NR Auto Repair,auto repair shop,Burnaby BC,(604) 566-9381,"6910 Merritt Ave, Burnaby, BC V5J 4R6, Canada",4,118,,none,https://maps.google.com/?cid=116833066987845559&g_mp=Cidnb29nbGUubWFwcy5wbGFjZXMudjEuUGxhY2VzLlNlYXJjaFRleHQQAhgEIAA,66
J & J Automotive Care Center,auto repair shop,Surrey BC,(604) 501-1303,"13443 78 Ave, Surrey, BC V3W 0A8, Canada",4.5,104,,none,https://maps.google.com/?cid=13691670597779184896&g_mp=Cidnb29nbGUubWFwcy5wbGFjZXMudjEuUGxhY2VzLlNlYXJjaFRleHQQAhgEIAA,65
Spark Auto Repairs Ltd,auto repair shop,Surrey BC,(778) 578-0551,"8363 128 St, Surrey, BC V3W 4G1, Canada",4.6,102,,none,https://maps.google.com/?cid=12178451814400506343&g_mp=Cidnb29nbGUubWFwcy5wbGFjZXMudjEuUGxhY2VzLlNlYXJjaFRleHQQAhgEIAA,65
Brar Performance Auto Repair Ltd,auto repair shop,Surrey BC,(604) 590-2788,"13308 76 Ave Unit 218, Surrey, BC V3W 2W1, Canada",4.8,103,,none,https://maps.google.com/?cid=15590126548604358391&g_mp=Cidnb29nbGUubWFwcy5wbGFjZXMudjEuUGxhY2VzLlNlYXJjaFRleHQQAhgEIAA,65
DaVinci Auto,auto repair shop,Langley BC,(778) 665-1993,"20165 Industrial Ave #2, Langley, BC V3A 4K6, Canada",4.9,103,,none,https://maps.google.com/?cid=4895795260145444791&g_mp=Cidnb29nbGUubWFwcy5wbGFjZXMudjEuUGxhY2VzLlNlYXJjaFRleHQQAhgEIAA,65
Marcelo Auto Repair Inc.,auto repair shop,Burnaby BC,(604) 451-0109,"5113 Byrne Rd #106, Burnaby, BC V5J 3H6, Canada",4.9,105,,none,https://maps.google.com/?cid=2747260157072222734&g_mp=Cidnb29nbGUubWFwcy5wbGFjZXMudjEuUGxhY2VzLlNlYXJjaFRleHQQAhgEIAA,65
Mike's Auto Repair Centre Ltd,auto repair shop,Coquitlam BC,(604) 468-8868,"3050 Gordon Ave, Coquitlam, BC V3C 2K1, Canada",4.8,108,,none,https://maps.google.com/?cid=16759826506120817133&g_mp=Cidnb29nbGUubWFwcy5wbGFjZXMudjEuUGxhY2VzLlNlYXJjaFRleHQQAhgEIAA,65
Prairie Auto Care,auto repair shop,Coquitlam BC,(604) 941-5151,"1976 Prairie Ave, Port Coquitlam, BC V3B 1V4, Canada",4.2,105,,none,https://maps.google.com/?cid=6631145611309319907&g_mp=Cidnb29nbGUubWFwcy5wbGFjZXMudjEuUGxhY2VzLlNlYXJjaFRleHQQAhgEIAA,65
Starcrest Automotive Ltd,auto repair shop,Richmond BC,(604) 370-3276,"11460 Voyageur Way Unit 6, Richmond, BC V6X 3E1, Canada",4.9,104,,none,https://maps.google.com/?cid=16948520190675322377&g_mp=Cidnb29nbGUubWFwcy5wbGFjZXMudjEuUGxhY2VzLlNlYXJjaFRleHQQAhgEIAA,65
Peter K Automotive Ltd,auto repair shop,North Vancouver BC,(604) 988-7671,"1155 15th St W, North Vancouver, BC V7P 1M7, Canada",4.9,109,,none,https://maps.google.com/?cid=5722326532807981337&g_mp=Cidnb29nbGUubWFwcy5wbGFjZXMudjEuUGxhY2VzLlNlYXJjaFRleHQQAhgEIAA,65
GS auto repair and mufflers,auto repair shop,Surrey BC,(236) 858-1350,"12465 82 Ave Unit 105, Surrey, BC V3W 3E8, Canada",4.2,97,,none,https://maps.google.com/?cid=2974042306488522389&g_mp=Cidnb29nbGUubWFwcy5wbGFjZXMudjEuUGxhY2VzLlNlYXJjaFRleHQQAhgEIAA,64
CHECK 5 AUTO SERVICE,auto repair shop,Coquitlam BC,(778) 955-4545,"641 Lougheed Hwy #106, Coquitlam, BC V3K 3S5, Canada",4.7,46,https://www.facebook.com/profile.php?id=61576091747426,social_only,https://maps.google.com/?cid=17279680451925218656&g_mp=Cidnb29nbGUubWFwcy5wbGFjZXMudjEuUGxhY2VzLlNlYXJjaFRleHQQAhgEIAA,64
Acutech Auto Services,auto repair shop,Richmond BC,(604) 276-2280,"12811 Rowan Pl, Richmond, BC V6V 1Y6, Canada",4.9,99,,none,https://maps.google.com/?cid=13862353027076044349&g_mp=Cidnb29nbGUubWFwcy5wbGFjZXMudjEuUGxhY2VzLlNlYXJjaFRleHQQAhgEIAA,64
Gold Wrench Ltd,auto repair shop,North Vancouver BC,(604) 990-9936,"250 Esplanade E Unit 108, North Vancouver, BC V7L 1B4, Canada",4.8,97,,none,https://maps.google.com/?cid=2812403241370118495&g_mp=Cidnb29nbGUubWFwcy5wbGFjZXMudjEuUGxhY2VzLlNlYXJjaFRleHQQAhgEIAA,64
Riverside Auto Service,auto repair shop,Surrey BC,(604) 588-8646,"14935 108 Ave, Surrey, BC V3R 1W3, Canada",4.7,96,,none,https://maps.google.com/?cid=5897451330343925691&g_mp=Cidnb29nbGUubWFwcy5wbGFjZXMudjEuUGxhY2VzLlNlYXJjaFRleHQQAhgEIAA,64
Sam I Am - Auto Repairs,auto repair shop,Surrey BC,(604) 580-3208,"12580 110 Ave, Surrey, BC V3V 3J8, Canada",4.5,80,,none,https://maps.google.com/?cid=1346507874534203789&g_mp=Cidnb29nbGUubWFwcy5wbGFjZXMudjEuUGxhY2VzLlNlYXJjaFRleHQQAhgEIAA,63
Rana Auto Repair,auto repair shop,Surrey BC,(604) 505-1808,"6455 148 St, Surrey, BC V3S 3C5, Canada",4.7,36,https://www.instagram.com/ranaautorepairandsales?igsh=ZWF3Mzc3aHBzMW9j&utm_source=qr,social_only,https://maps.google.com/?cid=6618300100897058818&g_mp=Cidnb29nbGUubWFwcy5wbGFjZXMudjEuUGxhY2VzLlNlYXJjaFRleHQQAhgEIAA,63
Diamond auto repair LTD,auto repair shop,Burnaby BC,(604) 906-1097,"6861 Hastings St, Burnaby, BC V5B 1S9, Canada",4.9,85,,none,https://maps.google.com/?cid=15582746729294708173&g_mp=Cidnb29nbGUubWFwcy5wbGFjZXMudjEuUGxhY2VzLlNlYXJjaFRleHQQAhgEIAA,63
Bayon Automotive,auto repair shop,Burnaby BC,(604) 968-5295,"6831 Merritt Ave, Burnaby, BC V5J 4R5, Canada",4.7,82,,none,https://maps.google.com/?cid=18079150624736787506&g_mp=Cidnb29nbGUubWFwcy5wbGFjZXMudjEuUGxhY2VzLlNlYXJjaFRleHQQAhgEIAA,63
Villa Automotive,auto repair shop,Burnaby BC,(604) 298-4012,"5150A Still Creek Ave, Burnaby, BC V5C 4E4, Canada",4.7,80,,none,https://maps.google.com/?cid=11884690645813717382&g_mp=Cidnb29nbGUubWFwcy5wbGFjZXMudjEuUGxhY2VzLlNlYXJjaFRleHQQAhgEIAA,63
Save On Mechanics Auto Repair Ltd,auto repair shop,North Vancouver BC,(604) 984-3038,"232a Esplanade E, North Vancouver, BC V7L 1A1, Canada",4.7,89,,none,https://maps.google.com/?cid=1439604400065497957&g_mp=Cidnb29nbGUubWFwcy5wbGFjZXMudjEuUGxhY2VzLlNlYXJjaFRleHQQAhgEIAA,63
A J Transmission & Auto Repairs Ltd,auto repair shop,North Vancouver BC,(604) 987-6112,"1434 Crown St, North Vancouver, BC V7J 1G5, Canada",4.6,83,,none,https://maps.google.com/?cid=10332856130937740451&g_mp=Cidnb29nbGUubWFwcy5wbGFjZXMudjEuUGxhY2VzLlNlYXJjaFRleHQQAhgEIAA,63
Sunny Auto Repair,auto repair shop,Surrey BC,(604) 584-0050,"10509 135a St, Surrey, BC V3T 4C9, Canada",4.4,88,,none,https://maps.google.com/?cid=11919001730201030660&g_mp=Cidnb29nbGUubWFwcy5wbGFjZXMudjEuUGxhY2VzLlNlYXJjaFRleHQQAhgEIAA,63
Veer’s Automotives,auto repair shop,Surrey BC,(604) 961-7741,"8918 Holt Rd #108, Surrey, BC V3V 4H2, Canada",4.6,84,,none,https://maps.google.com/?cid=1638715462442816374&g_mp=Cidnb29nbGUubWFwcy5wbGFjZXMudjEuUGxhY2VzLlNlYXJjaFRleHQQAhgEIAA,63
Hard Happy Landscaping LTD,landscaping company,Surrey BC,(778) 956-6069,"14377 60 Ave, Surrey, BC V3X 0E2, Canada",4.8,75,,none,https://maps.google.com/?cid=782287908099286218&g_mp=Cidnb29nbGUubWFwcy5wbGFjZXMudjEuUGxhY2VzLlNlYXJjaFRleHQQAhgEIAA,62
Marc's Import Auto Repair Ltd,auto repair shop,Burnaby BC,(604) 432-6636,"6990 Waltham Ave #2, Burnaby, BC V5J 4V5, Canada",4.9,77,,none,https://maps.google.com/?cid=6688677821275716045&g_mp=Cidnb29nbGUubWFwcy5wbGFjZXMudjEuUGxhY2VzLlNlYXJjaFRleHQQAhgEIAA,62
Rehoboth Auto Service,auto repair shop,Burnaby BC,(778) 710-1231,"5116 Imperial St, Burnaby, BC V5J 1E2, Canada",4.9,77,,none,https://maps.google.com/?cid=15897877839102405287&g_mp=Cidnb29nbGUubWFwcy5wbGFjZXMudjEuUGxhY2VzLlNlYXJjaFRleHQQAhgEIAA,62
Tim's Auto Tech Inc,auto repair shop,Burnaby BC,(604) 434-9668,"5791 Beresford St. #3, Burnaby, BC V5J 4R8, Canada",4.9,70,,none,https://maps.google.com/?cid=13746677210375244349&g_mp=Cidnb29nbGUubWFwcy5wbGFjZXMudjEuUGxhY2VzLlNlYXJjaFRleHQQAhgEIAA,62
Smile Auto Service,auto repair shop,Coquitlam BC,(604) 931-4444,"335 North Rd d, Coquitlam, BC V3K 3V8, Canada",4.4,74,,none,https://maps.google.com/?cid=16565162172385426291&g_mp=Cidnb29nbGUubWFwcy5wbGFjZXMudjEuUGxhY2VzLlNlYXJjaFRleHQQAhgEIAA,62
Auto Max Service Centre,auto repair shop,Richmond BC,(604) 370-6299,"12211 Vulcan Wy #180, Richmond, BC V6V 1J7, Canada",4.6,70,,none,https://maps.google.com/?cid=6059588305498861879&g_mp=Cidnb29nbGUubWFwcy5wbGFjZXMudjEuUGxhY2VzLlNlYXJjaFRleHQQAhgEIAA,62
Ridge Motors Auto Repair and Tires,auto repair shop,Maple Ridge BC,(604) 460-7142,"20071 113b Ave Unit 8, Maple Ridge, BC V2X 0Z2, Canada",5,70,,none,https://maps.google.com/?cid=6316645563126580683&g_mp=Cidnb29nbGUubWFwcy5wbGFjZXMudjEuUGxhY2VzLlNlYXJjaFRleHQQAhgEIAA,62
Ebi Auto Repair,auto repair shop,North Vancouver BC,(604) 318-5090,"1132 15th St W, North Vancouver, BC V7P 1M9, Canada",4.7,71,,none,https://maps.google.com/?cid=6208812256105223786&g_mp=Cidnb29nbGUubWFwcy5wbGFjZXMudjEuUGxhY2VzLlNlYXJjaFRleHQQAhgEIAA,62
Campbell's Auto Works,auto repair shop,North Vancouver BC,(604) 568-8505,"135 W Kent Ave N, Vancouver, BC V5X 4S7, Canada",4.8,78,,none,https://maps.google.com/?cid=13511591348086562206&g_mp=Cidnb29nbGUubWFwcy5wbGFjZXMudjEuUGxhY2VzLlNlYXJjaFRleHQQAhgEIAA,62
Best Automotive Ltd,auto repair shop,Surrey BC,(604) 591-1010,"8642 128 St, Surrey, BC V3W 4G5, Canada",4,70,,none,https://maps.google.com/?cid=13057727426525707554&g_mp=Cidnb29nbGUubWFwcy5wbGFjZXMudjEuUGxhY2VzLlNlYXJjaFRleHQQAhgEIAA,62
Regs Auto Shop,auto repair shop,Coquitlam BC,(604) 464-4214,"1865 McLean Ave #4, Port Coquitlam, BC V3C 1N1, Canada",4.5,73,,none,https://maps.google.com/?cid=3474702973101245623&g_mp=Cidnb29nbGUubWFwcy5wbGFjZXMudjEuUGxhY2VzLlNlYXJjaFRleHQQAhgEIAA,62
Phantom Tires & Repair,auto repair shop,Surrey BC,(778) 552-4418,"12885 86 Ave, Surrey, BC V3W 0K8, Canada",4.3,65,,none,https://maps.google.com/?cid=8427582930589642242&g_mp=Cidnb29nbGUubWFwcy5wbGFjZXMudjEuUGxhY2VzLlNlYXJjaFRleHQQAhgEIAA,61
Fourway Automotive Ltd. (PJ automotive),auto repair shop,Burnaby BC,(604) 430-1055,"7051 Buller Ave, Burnaby, BC V5J 4S1, Canada",4.6,67,,none,https://maps.google.com/?cid=7753073344108906395&g_mp=Cidnb29nbGUubWFwcy5wbGFjZXMudjEuUGxhY2VzLlNlYXJjaFRleHQQAhgEIAA,61
Sky Auto,auto repair shop,Richmond BC,(604) 233-1828,"5791 Minoru Blvd #110, Richmond, BC V6X 2B1, Canada",4.6,62,,none,https://maps.google.com/?cid=16518566300831000801&g_mp=Cidnb29nbGUubWFwcy5wbGFjZXMudjEuUGxhY2VzLlNlYXJjaFRleHQQAhgEIAA,61
Otto Auto Service Ltd,auto repair shop,Richmond BC,(604) 270-9669,"11031 Bridgeport Rd #108, Richmond, BC V6X 1T3, Canada",4.9,64,,none,https://maps.google.com/?cid=15023081771033011562&g_mp=Cidnb29nbGUubWFwcy5wbGFjZXMudjEuUGxhY2VzLlNlYXJjaFRleHQQAhgEIAA,61
Goodwheels Auto service,auto repair shop,Delta BC,(604) 321-9330,"930 SW Marine Dr Unit 10, Vancouver, BC V6P 5Z2, Canada",4.9,60,,none,https://maps.google.com/?cid=2888562421532248329&g_mp=Cidnb29nbGUubWFwcy5wbGFjZXMudjEuUGxhY2VzLlNlYXJjaFRleHQQAhgEIAA,61
RJD Services,auto repair shop,North Vancouver BC,(604) 986-8586,"1485 Rupert St, North Vancouver, BC V7J 1G1, Canada",5,69,,none,https://maps.google.com/?cid=9558851032552340123&g_mp=Cidnb29nbGUubWFwcy5wbGFjZXMudjEuUGxhY2VzLlNlYXJjaFRleHQQAhgEIAA,61
B-LINE Auto Service,auto repair shop,Burnaby BC,(604) 434-7340,"5767 Byrne Rd, Burnaby, BC V5J 3J1, Canada",4.9,68,,none,https://maps.google.com/?cid=7931683416468574591&g_mp=Cidnb29nbGUubWFwcy5wbGFjZXMudjEuUGxhY2VzLlNlYXJjaFRleHQQAhgEIAA,61
R & L Automotive & Performance,auto repair shop,Coquitlam BC,(604) 941-9323,"1833 Coast Meridian Rd Unit 14, Port Coquitlam, BC V3C 1K5, Canada",4.9,63,,none,https://maps.google.com/?cid=15632008995043952018&g_mp=Cidnb29nbGUubWFwcy5wbGFjZXMudjEuUGxhY2VzLlNlYXJjaFRleHQQAhgEIAA,61
Simon's Automotive,auto repair shop,Langley BC,(604) 533-1162,"5763 198 St #101, Langley, BC V3A 1G5, Canada",4.3,59,,none,https://maps.google.com/?cid=5192883330722640056&g_mp=Cidnb29nbGUubWFwcy5wbGFjZXMudjEuUGxhY2VzLlNlYXJjaFRleHQQAhgEIAA,60
Fraser Park Automotive,auto repair shop,Burnaby BC,(778) 875-8687,"4663 Byrne Rd Unit 107, Burnaby, BC V5J 3H6, Canada",4.8,58,,none,https://maps.google.com/?cid=10283416413557073484&g_mp=Cidnb29nbGUubWFwcy5wbGFjZXMudjEuUGxhY2VzLlNlYXJjaFRleHQQAhgEIAA,60
Nicks Auto Repair,auto repair shop,Richmond BC,(604) 278-2213,"12440 Vulcan Wy #160, Richmond, BC V6V 1J8, Canada",4.8,59,,none,https://maps.google.com/?cid=15171202208848727014&g_mp=Cidnb29nbGUubWFwcy5wbGFjZXMudjEuUGxhY2VzLlNlYXJjaFRleHQQAhgEIAA,60
High Output Automotive Ltd,auto repair shop,Richmond BC,(604) 278-8624,"13980 Maycrest Way Unit 108, Richmond, BC V6V 3C2, Canada",4.9,51,,none,https://maps.google.com/?cid=320550454624248695&g_mp=Cidnb29nbGUubWFwcy5wbGFjZXMudjEuUGxhY2VzLlNlYXJjaFRleHQQAhgEIAA,60
Advance Automotive,auto repair shop,Richmond BC,(604) 278-1803,"5930 No 6 Rd Unit 314, Richmond, BC V6V 1Z1, Canada",4.8,50,,none,https://maps.google.com/?cid=16542583816992014406&g_mp=Cidnb29nbGUubWFwcy5wbGFjZXMudjEuUGxhY2VzLlNlYXJjaFRleHQQAhgEIAA,60
Canada West Brake and Muffler,auto repair shop,Delta BC,(604) 582-3900,"11964 96 Ave, Delta, BC V4C 3W8, Canada",4.2,54,,none,https://maps.google.com/?cid=3751805026259196126&g_mp=Cidnb29nbGUubWFwcy5wbGFjZXMudjEuUGxhY2VzLlNlYXJjaFRleHQQAhgEIAA,60
Hi-Tech Automotive,auto repair shop,North Vancouver BC,(604) 988-1933,"981 Marine Dr, North Vancouver, BC V7P 1S4, Canada",5,59,,none,https://maps.google.com/?cid=13750929209766856385&g_mp=Cidnb29nbGUubWFwcy5wbGFjZXMudjEuUGxhY2VzLlNlYXJjaFRleHQQAhgEIAA,60
Van Wonder Auto Services,auto repair shop,North Vancouver BC,(604) 985-7211,"1141 West 15th Street, North Vancouver, BC V7P 1M7, Canada",4.7,58,,none,https://maps.google.com/?cid=10531451040700611600&g_mp=Cidnb29nbGUubWFwcy5wbGFjZXMudjEuUGxhY2VzLlNlYXJjaFRleHQQAhgEIAA,60
Costless Auto Service,auto repair shop,Richmond BC,(604) 321-8288,"15371 Knox Way, Richmond, BC V5V 3A8, Canada",4.8,50,,none,https://maps.google.com/?cid=7156892536091822514&g_mp=Cidnb29nbGUubWFwcy5wbGFjZXMudjEuUGxhY2VzLlNlYXJjaFRleHQQAhgEIAA,60
South Fraser Pest Solutions,pest control,Surrey BC,(604) 716-2049,"14877 58 Ave #81, Surrey, BC V3S 8Y9, Canada",4.8,43,,none,https://maps.google.com/?cid=16209257640670591891&g_mp=Cidnb29nbGUubWFwcy5wbGFjZXMudjEuUGxhY2VzLlNlYXJjaFRleHQQAhgEIAA,59
Agam Auto Repairs Ltd.,auto repair shop,Surrey BC,(604) 765-1795,"13375 76 Ave Unit 110, Surrey, BC V3W 6J3, Canada",4.8,41,,none,https://maps.google.com/?cid=3995606736015025881&g_mp=Cidnb29nbGUubWFwcy5wbGFjZXMudjEuUGxhY2VzLlNlYXJjaFRleHQQAhgEIAA,59
KR Auto Clinic,auto repair shop,Langley BC,(604) 533-3376,"20475 62 Ave #2, Langley, BC V3A 5E6, Canada",4.7,45,,none,https://maps.google.com/?cid=11079304466821225508&g_mp=Cidnb29nbGUubWFwcy5wbGFjZXMudjEuUGxhY2VzLlNlYXJjaFRleHQQAhgEIAA,59
H Tech Motor INC,auto repair shop,Richmond BC,(604) 276-8933,"5671 Minoru Blvd #140, Richmond, BC V6X 2B1, Canada",4.4,47,,none,https://maps.google.com/?cid=8077090056211779244&g_mp=Cidnb29nbGUubWFwcy5wbGFjZXMudjEuUGxhY2VzLlNlYXJjaFRleHQQAhgEIAA,59
Rainbow Auto Services,auto repair shop,Richmond BC,(604) 276-2820,"11788 River Rd, Richmond, BC V6X 1Z7, Canada",4.7,48,,none,https://maps.google.com/?cid=7248486615038899175&g_mp=Cidnb29nbGUubWFwcy5wbGFjZXMudjEuUGxhY2VzLlNlYXJjaFRleHQQAhgEIAA,59
Technique Auto Service,auto repair shop,Richmond BC,(604) 370-3878,"#18, 12200 Vulcan Wy, Richmond, BC V6V 1J8, Canada",4.9,40,,none,https://maps.google.com/?cid=11266916926052454882&g_mp=Cidnb29nbGUubWFwcy5wbGFjZXMudjEuUGxhY2VzLlNlYXJjaFRleHQQAhgEIAA,59
Sierra Automotive,auto repair shop,Delta BC,(604) 943-6850,"1835 56 St, Delta, BC V4L 2B4, Canada",4.7,47,,none,https://maps.google.com/?cid=10983325730838137312&g_mp=Cidnb29nbGUubWFwcy5wbGFjZXMudjEuUGxhY2VzLlNlYXJjaFRleHQQAhgEIAA,59
Tupper Landscaping Inc. dba Tupper Trucking & Excavating,landscaping company,North Vancouver BC,(778) 887-7645,"400 Seymour Blvd, North Vancouver, BC V7J 2J4, Canada",4.4,45,,none,https://maps.google.com/?cid=9927060525488771190&g_mp=Cidnb29nbGUubWFwcy5wbGFjZXMudjEuUGxhY2VzLlNlYXJjaFRleHQQAhgEIAA,59
Sea Breeze Landscaping Ltd,landscaping company,Surrey BC,(236) 887-2111,"1850 Southmere Crescent E, Surrey, BC V4A 6Y6, Canada",4.9,33,,none,https://maps.google.com/?cid=6520983003502553373&g_mp=Cidnb29nbGUubWFwcy5wbGFjZXMudjEuUGxhY2VzLlNlYXJjaFRleHQQAhgEIAA,58
NP pest control,pest control,Surrey BC,(778) 683-8964,"14066 88 Ave, Surrey, BC V3W 3L6, Canada",4.7,34,,none,https://maps.google.com/?cid=7003559591546934374&g_mp=Cidnb29nbGUubWFwcy5wbGFjZXMudjEuUGxhY2VzLlNlYXJjaFRleHQQAhgEIAA,58
Behrooz Auto Repair,auto repair shop,Coquitlam BC,(604) 828-6589,"3179 Pier Dr, Coquitlam, BC V3C 5S5, Canada",4.5,39,,none,https://maps.google.com/?cid=17864400366592634427&g_mp=Cidnb29nbGUubWFwcy5wbGFjZXMudjEuUGxhY2VzLlNlYXJjaFRleHQQAhgEIAA,58
BC MOBILE TIRE SERVICE COQUITLAM,auto repair shop,Coquitlam BC,(604) 388-4210,"Barnet Hwy, Coquitlam, BC V3B 5R5, Canada",5,36,,none,https://maps.google.com/?cid=13639401718471053277&g_mp=Cidnb29nbGUubWFwcy5wbGFjZXMudjEuUGxhY2VzLlNlYXJjaFRleHQQAhgEIAA,58
GVA Mobile Mechanics,auto repair shop,Richmond BC,(604) 719-3313,"11811 Oldfield Ave, Richmond, BC V6X 1M3, Canada",5,35,,none,https://maps.google.com/?cid=6387646832770469994&g_mp=Cidnb29nbGUubWFwcy5wbGFjZXMudjEuUGxhY2VzLlNlYXJjaFRleHQQAhgEIAA,58
Johnny's Automotive Services,auto repair shop,North Vancouver BC,(604) 924-5330,"999 W 1st St, North Vancouver, BC V7P 1A4, Canada",4.7,38,,none,https://maps.google.com/?cid=11155882007701003129&g_mp=Cidnb29nbGUubWFwcy5wbGFjZXMudjEuUGxhY2VzLlNlYXJjaFRleHQQAhgEIAA,58
automotion,auto repair shop,North Vancouver BC,(778) 340-4696,"1390 Pemberton Ave, North Vancouver, BC V7P 2R7, Canada",4.9,36,,none,https://maps.google.com/?cid=11961408697014552299&g_mp=Cidnb29nbGUubWFwcy5wbGFjZXMudjEuUGxhY2VzLlNlYXJjaFRleHQQAhgEIAA,58
Car Doctor Auto Repair,auto repair shop,Richmond BC,(604) 417-2556,"11800 River Rd Unit 120, Richmond, BC V6X 1Z7, Canada",5,35,,none,https://maps.google.com/?cid=3995694034966390580&g_mp=Cidnb29nbGUubWFwcy5wbGFjZXMudjEuUGxhY2VzLlNlYXJjaFRleHQQAhgEIAA,58
Miller Automotive,auto repair shop,North Vancouver BC,(604) 985-6355,"246 1st St E, North Vancouver, BC V7L 1B3, Canada",4.7,37,,none,https://maps.google.com/?cid=17024676995050859734&g_mp=Cidnb29nbGUubWFwcy5wbGFjZXMudjEuUGxhY2VzLlNlYXJjaFRleHQQAhgEIAA,58
Pest Maven,pest control,North Vancouver BC,(778) 378-7378,"873 Hendecourt Rd, North Vancouver, BC V7K 2X5, Canada",5,27,,none,https://maps.google.com/?cid=1647225821732759798&g_mp=Cidnb29nbGUubWFwcy5wbGFjZXMudjEuUGxhY2VzLlNlYXJjaFRleHQQAhgEIAA,57
Surrey Auto Repair,auto repair shop,Surrey BC,(778) 900-0575,"16099 Fraser Hwy, Surrey, BC V4N 0G2, Canada",5,21,,none,https://maps.google.com/?cid=7744986857348435911&g_mp=Cidnb29nbGUubWFwcy5wbGFjZXMudjEuUGxhY2VzLlNlYXJjaFRleHQQAhgEIAA,57
Prezi Automotive Mobile Service,auto repair shop,Surrey BC,(604) 442-9371,"13567 Binnie Ln, Surrey, BC V3R 5J1, Canada",4.7,25,,none,https://maps.google.com/?cid=10569045861262621540&g_mp=Cidnb29nbGUubWFwcy5wbGFjZXMudjEuUGxhY2VzLlNlYXJjaFRleHQQAhgEIAA,57
Lake Performance,auto repair shop,Langley BC,(604) 532-6481,"#202, 20771 Langley Bypass, Langley, BC V3A 5E8, Canada",4.7,29,,none,https://maps.google.com/?cid=8705299837567991569&g_mp=Cidnb29nbGUubWFwcy5wbGFjZXMudjEuUGxhY2VzLlNlYXJjaFRleHQQAhgEIAA,57
A & Y Automotive Ltd,auto repair shop,Burnaby BC,(604) 431-8983,"7208 Randolph Ave, Burnaby, BC V5J 4W6, Canada",4.7,29,,none,https://maps.google.com/?cid=10536635244951028384&g_mp=Cidnb29nbGUubWFwcy5wbGFjZXMudjEuUGxhY2VzLlNlYXJjaFRleHQQAhgEIAA,57
Yeung's Auto Repair,auto repair shop,Burnaby BC,(604) 293-1798,"1480 Boundary Rd, Burnaby, BC V5K 4V3, Canada",4.5,21,,none,https://maps.google.com/?cid=18297554712065028957&g_mp=Cidnb29nbGUubWFwcy5wbGFjZXMudjEuUGxhY2VzLlNlYXJjaFRleHQQAhgEIAA,57
MechanicO Auto Service,auto repair shop,Richmond BC,(778) 956-8405,"140 8840 Beckwith Rd Back alley access on, Sexsmith Rd, Richmond, BC V6X 1V5, Canada",5,29,,none,https://maps.google.com/?cid=12246721251356562300&g_mp=Cidnb29nbGUubWFwcy5wbGFjZXMudjEuUGxhY2VzLlNlYXJjaFRleHQQAhgEIAA,57
WEGO Auto,auto repair shop,Richmond BC,(778) 708-3875,"11782 River Rd Unit 106, Richmond, BC V6X 1Z7, Canada",4.6,28,,none,https://maps.google.com/?cid=11359904002954290731&g_mp=Cidnb29nbGUubWFwcy5wbGFjZXMudjEuUGxhY2VzLlNlYXJjaFRleHQQAhgEIAA,57
Calypso Auto Service Ltd,auto repair shop,Richmond BC,(604) 279-0688,"1215 Valmont Way #170, Richmond, BC V6V 1L4, Canada",4.8,27,,none,https://maps.google.com/?cid=802462911972288044&g_mp=Cidnb29nbGUubWFwcy5wbGFjZXMudjEuUGxhY2VzLlNlYXJjaFRleHQQAhgEIAA,57
Greg's Auto Service,auto repair shop,Delta BC,(604) 788-9287,"5177 2a Ave, Delta, BC V4M 3N7, Canada",4.8,22,,none,https://maps.google.com/?cid=11348495892144614045&g_mp=Cidnb29nbGUubWFwcy5wbGFjZXMudjEuUGxhY2VzLlNlYXJjaFRleHQQAhgEIAA,57
Massi Auto Repair,auto repair shop,Maple Ridge BC,(778) 246-5337,"24108 104 Ave, Maple Ridge, BC V2W 1J2, Canada",4.8,23,,none,https://maps.google.com/?cid=14912431560881077571&g_mp=Cidnb29nbGUubWFwcy5wbGFjZXMudjEuUGxhY2VzLlNlYXJjaFRleHQQAhgEIAA,57
VAC Performance Ltd,auto repair shop,North Vancouver BC,(604) 362-7671,"1130 W 14th St, North Vancouver, BC V7P 1J8, Canada",5,27,,none,https://maps.google.com/?cid=5651483926638768838&g_mp=Cidnb29nbGUubWFwcy5wbGFjZXMudjEuUGxhY2VzLlNlYXJjaFRleHQQAhgEIAA,57
Bedford auto repair,auto repair shop,Coquitlam BC,(604) 220-1416,"2684 Bedford St. Unit B, Port Coquitlam, BC V3C 3K6, Canada",5,18,,none,https://maps.google.com/?cid=13780401096582256667&g_mp=Cidnb29nbGUubWFwcy5wbGFjZXMudjEuUGxhY2VzLlNlYXJjaFRleHQQAhgEIAA,56
Auron Autohaus Ltd,auto repair shop,Delta BC,(236) 978-0840,"6165 17A Ave #250, Delta, BC V4K 4E2, Canada",5,16,,none,https://maps.google.com/?cid=4498444967667289396&g_mp=Cidnb29nbGUubWFwcy5wbGFjZXMudjEuUGxhY2VzLlNlYXJjaFRleHQQAhgEIAA,56
PTS Mobile Auto Service,auto repair shop,Delta BC,(604) 816-5168,"11753 Alderwood Crescent, Delta, BC V4E 3E4, Canada",5,19,,none,https://maps.google.com/?cid=3029820234281816122&g_mp=Cidnb29nbGUubWFwcy5wbGFjZXMudjEuUGxhY2VzLlNlYXJjaFRleHQQAhgEIAA,56
J&D Auto Repair Services LTD.,auto repair shop,Surrey BC,(604) 591-1039,"14770 64 Ave Unit 210, Surrey, BC V3S 1X7, Canada",5,16,,none,https://maps.google.com/?cid=13844054775408607651&g_mp=Cidnb29nbGUubWFwcy5wbGFjZXMudjEuUGxhY2VzLlNlYXJjaFRleHQQAhgEIAA,56
We’re Here! Professional Cleaning,house cleaning service,North Vancouver BC,(604) 442-9063,"528 28th St W, North Vancouver, BC V7N 2J5, Canada",5,46,https://linktr.ee/WEREHERE_CLEANING,social_only,https://maps.google.com/?cid=15000447566444881273&g_mp=Cidnb29nbGUubWFwcy5wbGFjZXMudjEuUGxhY2VzLlNlYXJjaFRleHQQAhgEIAA,54
MM Cleaning,house cleaning service,North Vancouver BC,(778) 222-2256,"122 17th Street E, North Vancouver, BC V7L 2V5, Canada",4.9,93,,none,https://maps.google.com/?cid=4214810726288992802&g_mp=Cidnb29nbGUubWFwcy5wbGFjZXMudjEuUGxhY2VzLlNlYXJjaFRleHQQAhgEIAA,54
Coral Cleaners,house cleaning service,Surrey BC,(236) 833-4458,"7558 124 St, Surrey, BC V3W 3X3, Canada",4.9,60,,none,https://maps.google.com/?cid=16262331336174611223&g_mp=Cidnb29nbGUubWFwcy5wbGFjZXMudjEuUGxhY2VzLlNlYXJjaFRleHQQAhgEIAA,51
Dawit & Genet Cleaning Service,house cleaning service,Burnaby BC,(778) 709-4774,"7951 14th Ave, Burnaby, BC V3N 2B3, Canada",5,41,,none,https://maps.google.com/?cid=2650936052168960854&g_mp=Cidnb29nbGUubWFwcy5wbGFjZXMudjEuUGxhY2VzLlNlYXJjaFRleHQQAhgEIAA,49
Consider It Done Residential Cleaning and Housekeeping,house cleaning service,Coquitlam BC,(604) 518-4616,"2423 Glenwood Ave, Port Coquitlam, BC V3B 1Y7, Canada",4.9,43,,none,https://maps.google.com/?cid=10941676652841640424&g_mp=Cidnb29nbGUubWFwcy5wbGFjZXMudjEuUGxhY2VzLlNlYXJjaFRleHQQAhgEIAA,49
Lulu House Cleaning Services,house cleaning service,North Vancouver BC,(604) 200-9956,"1721 St Georges Ave, North Vancouver, BC V7L 3J6, Canada",5,40,,none,https://maps.google.com/?cid=4341374497343024795&g_mp=Cidnb29nbGUubWFwcy5wbGFjZXMudjEuUGxhY2VzLlNlYXJjaFRleHQQAhgEIAA,49
NSSC - House Cleaners North Vancouver,house cleaning service,North Vancouver BC,(604) 992-8952,"225 13th St E, North Vancouver, BC V7L 2L6, Canada",4.8,45,,none,https://maps.google.com/?cid=4874879124344100729&g_mp=Cidnb29nbGUubWFwcy5wbGFjZXMudjEuUGxhY2VzLlNlYXJjaFRleHQQAhgEIAA,49
Balaji Cleaning Services LTD.,house cleaning service,Surrey BC,(604) 652-4897,"10368 125 St, Surrey, BC V3V 4Y7, Canada",4.8,37,,none,https://maps.google.com/?cid=10880365042739804815&g_mp=Cidnb29nbGUubWFwcy5wbGFjZXMudjEuUGxhY2VzLlNlYXJjaFRleHQQAhgEIAA,48
Nick's Exterior Cleaning,house cleaning service,Maple Ridge BC,(778) 872-8694,"20355 Walnut Crescent, Maple Ridge, BC V2X 9M8, Canada",5,21,,none,https://maps.google.com/?cid=4799015401849772467&g_mp=Cidnb29nbGUubWFwcy5wbGFjZXMudjEuUGxhY2VzLlNlYXJjaFRleHQQAhgEIAA,47
PURELY CLEAN,house cleaning service,North Vancouver BC,(778) 999-0339,"2008 Fullerton Ave, North Vancouver, BC V7P 3G7, Canada",5,23,,none,https://maps.google.com/?cid=6729359762719398489&g_mp=Cidnb29nbGUubWFwcy5wbGFjZXMudjEuUGxhY2VzLlNlYXJjaFRleHQQAhgEIAA,47
